<archive xmlns="http://rs.tdwg.org/dwc/text/" 
         xmlns:xsi="http://www.w3.org/2001/XMLSchema-instance" 
         xsi:schemaLocation="http://rs.tdwg.org/dwc/text/   http://rs.tdwg.org/dwc/text/tdwg_dwc_text.xsd">
  <table encoding="UTF-8" fieldsTerminatedBy="\t" linesTerminatedBy="\n" ignoreHeaderLines="0" rowType="http://rs.tdwg.org/dwc/terms/Taxon">
    <files>
      <location>prokaryote_taxon.txt</location>
    </files>
    <field index="0" term="http://rs.tdwg.org/dwc/terms/taxonID"/>
    <field index="1" term="http://rs.tdwg.org/dwc/terms/scientificName"/>
    <field index="2" term="http://rs.tdwg.org/dwc/terms/parentNameUsageID"/>
    <field index="3" term="http://rs.tdwg.org/dwc/terms/taxonRank"/>
  </table>

  <table encoding="UTF-8" fieldsTerminatedBy="\t" linesTerminatedBy="\n" ignoreHeaderLines="0" rowType="http://rs.tdwg.org/dwc/terms/Occurrence">
    <files>
      <location>prokaryote_occurrence.txt</location>
    </files>
    <field index="0" term="http://rs.tdwg.org/dwc/terms/occurrenceID"/>
    <field index="1" term="http://rs.tdwg.org/dwc/terms/taxonID"/>
  </table>

  <table encoding="UTF-8" fieldsTerminatedBy="\t" linesTerminatedBy="\n" ignoreHeaderLines="0" rowType="http://eol.org/schema/reference/Reference">
    <files>
      <location>prokaryote_reference.txt</location>
    </files>
    <field index="0" term="http://purl.org/dc/terms/identifier"/>
    <field index="1" term="http://eol.org/schema/reference/full_reference"/>
  </table>
  
  <table encoding="UTF-8" fieldsTerminatedBy="\t" linesTerminatedBy="\n" ignoreHeaderLines="0" rowType="http://rs.tdwg.org/dwc/terms/MeasurementOrFact">
    <files>
      <location>prokaryote_measurement.txt</location>
    </files>
    <field index="0" term="http://rs.tdwg.org/dwc/terms/measurementID"/>
    <field index="1" term="http://rs.tdwg.org/dwc/terms/occurrenceID"/>
    <field index="2" term="http://eol.org/schema/measurementOfTaxon"/>
    <field index="3" term="http://rs.tdwg.org/dwc/terms/measurementType"/>
    <field index="4" term="http://rs.tdwg.org/dwc/terms/measurementValue"/>
    <field index="5" term="http://eol.org/schema/reference/referenceID"/>
  </table>

</archive>